url,Données de base,Équipement,Certificats et attestations de conformité,Urbanisme et risques environnementaux,Aménagement intérieur,Cuisine et sanitaires,Description extérieure,Chauffage et énergie
https://immovlan.be/fr/detail/appartement/a-vendre/8370/blankenberge/rbt70306,Non,Oui,"oui, attestation conforme","Zone d'habitat (résidentiel, urbain ou rural)",,,,
https://immovlan.be/fr/detail/immeuble-de-rapport/a-vendre/8600/dixmude/rbt70303,Excellent,Oui,,"Zone d'habitat (résidentiel, urbain ou rural)",1,1,3,
https://immovlan.be/fr/detail/maison/a-vendre/8480/ichtegem/rbt70221,Non,Non,,Non,,1,,
https://immovlan.be/fr/detail/maison/a-vendre/8470/gistel/rbt70220,Non,Non,,,,,4,
https://immovlan.be/fr/detail/immeuble-de-rapport/a-vendre/1210/saint-josse-ten-noode/vbc89814,À rénover,Non,311 kWh/m²/an,Pas de risque d’inondation,4,Equipée,,
https://immovlan.be/fr/detail/immeuble-de-rapport/a-vendre/1210/saint-josse-ten-noode/vbc89813,À rénover,Non,232 kWh/m²/an,,,Equipée,,
https://immovlan.be/fr/detail/terrain/a-vendre/6880/bertrix/vbc89774,Immédiatement,,,,,,1517 m²,
https://immovlan.be/fr/detail/immeuble-de-rapport/a-vendre/8370/blankenberge/rbt70150,Non,,,Non,3,3,,
https://immovlan.be/fr/detail/surface-commerciale/a-vendre/1090/jette/rbt70099,Nouveau,,,,,,Oui,
https://immovlan.be/fr/detail/appartement/a-vendre/1090/jette/rbt70097,Nouveau,,"non, pas d'attestation",Information non communiquée,,,,
https://immovlan.be/fr/detail/duplex/a-vendre/1000/bruxelles/vbc89694,Excellent,Oui,,,1,,3,
https://immovlan.be/fr/detail/maison/a-vendre/8610/kortemark/rbt69991,Non,Non,,Non,,,,
https://immovlan.be/fr/detail/maison/a-vendre/9090/gontrode/rbt69725,Excellent,,,"Zone d'habitat (résidentiel, urbain ou rural)",3,,3,
https://immovlan.be/fr/detail/fonds-de-commerce/a-vendre/8791/beveren-leie/rbt69724,Excellent,,,Zone d'extension d'habitat,2,1,Oui,
https://immovlan.be/fr/detail/duplex/a-vendre/3550/zolder/rbt69836,Excellent,Non,148 kWh/m²/an,,,1,,Non
https://immovlan.be/fr/detail/immeuble-de-rapport/a-vendre/8600/dixmude/rbt69783,Excellent,,149 kWh/m²/an,,1,Equipée,,Gaz
https://immovlan.be/fr/detail/garage/a-vendre/1160/auderghem/vbc89556,Normal,,,,,,,
https://immovlan.be/fr/detail/appartement/a-vendre/1030/schaerbeek/vbc89520,À rénover,,,,,,0,
https://immovlan.be/fr/detail/maison/a-vendre/6000/charleroi/vbc89510,À rénover,,282 kWh/m²/an,,2,15 m²,2,
https://immovlan.be/fr/detail/maison/a-vendre/8551/heestert/rbt69423,Non,Non,72 kWh/m²/an,Non,3,Equipée,,Oui
https://immovlan.be/fr/detail/garage/a-vendre/8800/roeselare/rbt69356,Non,,,,,,,
https://immovlan.be/fr/detail/maison/a-vendre/1082/berchem-sainte-agathe/vbc89484,Normal,,,,4,,,Gaz
https://immovlan.be/fr/detail/appartement/a-vendre/9990/maldegem/rbt69345,Non,Non,0 kWh/m²/an,,2,Equipée,,Non specifié
https://immovlan.be/fr/detail/appartement/a-vendre/8620/nieuwpoort/rbt69334,Non,Non,,Oui,1,1,,
https://immovlan.be/fr/detail/penthouse/a-vendre/8630/furnes/rbt69333,2009,,135 kWh/m²/an,,,Equipée,3,Non specifié
https://immovlan.be/fr/detail/immeuble-de-rapport/a-vendre/7190/ecaussinnes/vbc89471,Excellent,,345 kWh/m²/an,Information non communiquée,,,3,Gaz
https://immovlan.be/fr/detail/maison/a-vendre/2500/lier/rbt69212,À rénover,,,,,Semi-équipée,,
https://immovlan.be/fr/detail/maison/a-vendre/6001/marcinelle/vbc89444,À rénover,,,Information non communiquée,4,1,,
https://immovlan.be/fr/detail/maison/a-vendre/5575/willerzie/vbc89368,À rénover,,321 kWh/m²/an,Oui,5,,,
https://immovlan.be/fr/detail/maison/a-vendre/5300/andenne/vbc89366,À rénover,Non,,Non,,,Sud-ouest,Gaz
https://immovlan.be/fr/detail/maison/a-vendre/6043/ransart/vbc89441,Excellent,,,Oui,3,,Ouest,
https://immovlan.be/fr/detail/immeuble-de-rapport/a-vendre/6042/lodelinsart/vbc89389,Normal,,357 kWh/m²/an,Information non communiquée,3,,,
https://immovlan.be/fr/detail/villa/a-vendre/1330/rixensart/vbc89345,Excellent,Oui,163 kWh/m²/an,,4,Super équipée,,Oui
https://immovlan.be/fr/detail/maison/a-vendre/1980/zemst/rbt69080,À rénover,,,Oui,3,,,
https://immovlan.be/fr/detail/appartement/a-vendre/1000/bruxelles/vbc89261,Excellent,Oui,,Information non communiquée,,Super équipée,27,
https://immovlan.be/fr/detail/bureaux/a-vendre/1082/berchem-sainte-agathe/vbc89259,Normal,Oui,,Pas de risque d’inondation,,,,Double vitrage
https://immovlan.be/fr/detail/surface-industrielle/a-vendre/1080/molenbeek-saint-jean/vbc89257,À rénover,Non,,,,,,
https://immovlan.be/fr/detail/terrain/a-vendre/5530/yvoir/vbc89246,A l’acte,,,,,,1635 m²,
https://immovlan.be/fr/detail/immeuble-mixte/a-vendre/6511/stree/vbc89216,Normal,,,Information non communiquée,,1,,
https://immovlan.be/fr/detail/maison/a-vendre/8520/kuurne/rbt68979,À rénover,Non,,,3,1,,
https://immovlan.be/fr/detail/maison/a-vendre/5190/moustier-sur-sambre/vbc89196,,,,,3,Super équipée,,Oui
https://immovlan.be/fr/detail/appartement/a-vendre/9940/kluizen/rbt68851,Nouveau,,,,2,,,Electrique
https://immovlan.be/fr/detail/appartement/a-vendre/9940/kluizen/rbt68850,Nouveau,,"oui, attestation conforme",Non,3,,,Electrique
https://immovlan.be/fr/detail/appartement/a-vendre/9940/kluizen/rbt68849,Nouveau,,,,2,,,Electrique
https://immovlan.be/fr/detail/maison/a-vendre/9550/herzele/rbt68841,Normal,Non,,Non,3,,1,Non
https://immovlan.be/fr/detail/maison/a-vendre/8930/menen/rbt68826,1930,Non,,Oui,,Non équipée,,
https://immovlan.be/fr/detail/maison/a-vendre/8511/aalbeke/rbt68813,Non,,369 kWh/m²/an,,3,1,,
https://immovlan.be/fr/detail/terrain-a-batir/a-vendre/8820/torhout/rbt68820,Non,,,,,,,
https://immovlan.be/fr/detail/maison/a-vendre/8820/torhout/rbt68819,Non,Non,,Non,3,,Nord-est,
https://immovlan.be/fr/detail/maison/a-vendre/1500/hal/rbt68796,Non,,41 kWh/m²/an,,,Equipée,Sud-ouest,Oui
https://immovlan.be/fr/detail/immeuble-de-rapport/a-vendre/9690/kluisbergen/rbt68554,Excellent,,,,3,Equipée,,Mazout
https://immovlan.be/fr/detail/appartement/a-vendre/9140/temse/rbt68509,Excellent,,38 kWh/m²/an,Oui,,,1,Gaz
https://immovlan.be/fr/detail/maison/a-vendre/8800/roeselare/rbt68503,Nouveau,,"non, pas d'attestation","Zone d'habitat (résidentiel, urbain ou rural)",,1,,
https://immovlan.be/fr/detail/maison/a-vendre/7750/mont-de-l-enclus/rbt68680,Normal,,268 kWh/m²/an,Non,,,4,Gaz
https://immovlan.be/fr/detail/appartement/a-vendre/4420/saint-nicolas/vbc88999,Normal,,721 kWh/m²/an,,3,,,
https://immovlan.be/fr/detail/maison/a-vendre/9860/oosterzele/rbt68590,Normal,,119 kWh/m²/an,,4,1,3,
https://immovlan.be/fr/detail/surface-industrielle/a-vendre/8600/dixmude/rbt68561,Normal,Oui,400 kWh/m²/an,"Zone d'habitat (résidentiel, urbain ou rural)",,,Oui,
https://immovlan.be/fr/detail/duplex/a-vendre/7100/la-louviere/vbc88944,Excellent,,134 kWh/m²/an,Information non communiquée,,Super équipée,,Gaz
https://immovlan.be/fr/detail/maison/a-vendre/4000/liege/vbc88904,À rénover,,,,2,,Oui,Gaz
https://immovlan.be/fr/detail/rez-de-chaussee/a-vendre/8800/roeselare/rbt68306,Non,,,Non,,,0,Electrique
https://immovlan.be/fr/detail/maison/a-vendre/6560/erquelinnes/vbc88870,Non,,,,2,1,3,Non specifié
https://immovlan.be/fr/detail/maison/a-vendre/8800/roeselare/rbt68236,Non,,701 kWh/m²/an,,,,,
https://immovlan.be/fr/detail/maison-de-maitre/a-vendre/7890/ellezelles/rbt68420,À rénover,,399 kWh/m²/an,,5,Equipée,4,
https://immovlan.be/fr/detail/villa/a-vendre/6010/couillet/vbc88786,Excellent,,235 kWh/m²/an,,3,Equipée,,
https://immovlan.be/fr/detail/villa/a-vendre/5590/ciney/vbc88779,À rénover,,759 kWh/m²/an,Non,,,,Mazout
https://immovlan.be/fr/detail/rez-de-chaussee/a-vendre/1200/woluwe-saint-lambert/vbc88713,Normal,,147 kWh/m²/an,Pas de risque d’inondation,,Super équipée,,Gaz
https://immovlan.be/fr/detail/maison/a-vendre/5377/somme-leuze/vbc88699,Excellent,Oui,132 kWh/m²/an,Pas de risque d’inondation,,,,
https://immovlan.be/fr/detail/appartement/a-vendre/8430/middelkerke/rbt68093,Nouveau,Oui,82 kWh/m²/an,,,,5,Gaz
https://immovlan.be/fr/detail/terrain/a-vendre/5650/yves-gomezee/vbc88572,A l’acte,,,,,,755 m²,
https://immovlan.be/fr/detail/maison/a-vendre/4020/liege/vbc88551,À rénover,Non,,,4,1,,
https://immovlan.be/fr/detail/bien-divers/a-vendre/4102/ougree/vbc88537,À rénover,Non,500 kWh/m²/an,Non,2,2,,
https://immovlan.be/fr/detail/appartement/a-vendre/1180/uccle/vbc88512,Excellent,Oui,,,1,1,1,Gaz
https://immovlan.be/fr/detail/immeuble-de-rapport/a-vendre/1180/uccle/vbc88509,Normal,Oui,,Oui,6,10 m²,2,
https://immovlan.be/fr/detail/immeuble-mixte/a-vendre/7500/tournai/vbc88499,À rénover,Non,517 kWh/m²/an,Pas de risque d’inondation,,,,Gaz
https://immovlan.be/fr/detail/appartement/a-vendre/1350/orp-le-grand/vbc88488,Excellent,Oui,109 kWh/m²/an,,2,Super équipée,3,
https://immovlan.be/fr/detail/appartement/a-vendre/1730/asse/rbt67945,Non,Non,,Oui,,,,Gaz
https://immovlan.be/fr/detail/appartement/a-vendre/1070/anderlecht/vbc88409,À rénover,,,Non,2,12 m²,3,Non
https://immovlan.be/fr/detail/maison/a-vendre/3070/kortenberg/rbt67766,Nouveau,,,Oui,4,,,Oui
https://immovlan.be/fr/detail/maison/a-vendre/3070/kortenberg/rbt67764,Nouveau,,0 kWh/m²/an,,4,,,Oui
https://immovlan.be/fr/detail/maison/a-vendre/3070/kortenberg/rbt67763,Nouveau,,,Oui,4,,,Oui
https://immovlan.be/fr/detail/maison/a-vendre/9940/evergem/rbt67762,Nouveau,,,"Zone, info non disponible",,,,
https://immovlan.be/fr/detail/maison/a-vendre/9940/evergem/rbt67760,Nouveau,,,Oui,4,,3,Oui
https://immovlan.be/fr/detail/maison/a-vendre/8791/beveren-leie/rbt67755,Non,,,"Zone d'habitat (résidentiel, urbain ou rural)",,,,
https://immovlan.be/fr/detail/maison/a-vendre/3650/dilsen-stokkem/rbt67798,Nouveau,Non,pas d'application,,4,,,
https://immovlan.be/fr/detail/bungalow/a-vendre/5030/lonzee/vbc88347,À rénover,Non,870 kWh/m²/an,Information non communiquée,,,2,Electrique
https://immovlan.be/fr/detail/terrain-a-batir/a-vendre/8800/roeselare/rbt67776,Non,,,"Zone d'habitat (résidentiel, urbain ou rural)",,,1359 m²,
https://immovlan.be/fr/detail/maison/a-vendre/2440/geel/rbt67563,Normal,,291 kWh/m²/an,Non,,,,
https://immovlan.be/fr/detail/villa/a-vendre/7100/la-louviere/vbc88325,À rénover,,433 kWh/m²/an,Information non communiquée,,,4,Mazout
https://immovlan.be/fr/detail/maison/a-vendre/8550/zwevegem/rbt67501,Non,Non,96 kWh/m²/an,,5,Equipée,,Oui
https://immovlan.be/fr/detail/appartement/a-vendre/4000/liege/vbc88266,Remis à neuf,Oui,,,3,,,Gaz
https://immovlan.be/fr/detail/maison/a-vendre/4570/marchin/vbc88261,À rénover,,296 kWh/m²/an,Non,4,,Ouest,Mazout
https://immovlan.be/fr/detail/maison/a-vendre/7100/haine-saint-pierre/vbc88244,Normal,Oui,194 kWh/m²/an,,3,Equipée,2,
https://immovlan.be/fr/detail/appartement/a-vendre/2260/zoerle-parwijs/rbt67578,Normal,,,,,1,,
https://immovlan.be/fr/detail/bureaux/a-vendre/9880/aalter/rbt67556,Nouveau,,,,,,,Electrique
https://immovlan.be/fr/detail/appartement/a-vendre/2500/lier/rbt67552,Nouveau,,,,,Super équipée,,Oui
https://immovlan.be/fr/detail/appartement/a-vendre/2500/lier/rbt67551,Nouveau,Oui,,,,Super équipée,Sud,Gaz
https://immovlan.be/fr/detail/maison/a-vendre/5000/namur/vbc88148,À rénover,Non,402 kWh/m²/an,Oui,3,,,
https://immovlan.be/fr/detail/maison/a-vendre/6240/farciennes/vbc88142,À rénover,,,Non,,,Sud-ouest,Non specifié
https://immovlan.be/fr/detail/appartement/a-vendre/4500/huy/vbc88007,Normal,,304 kWh/m²/an,,,6 m²,,
https://immovlan.be/fr/detail/immeuble-de-rapport/a-vendre/6000/charleroi/vbc87973,Excellent,,,,7,7,3,
https://immovlan.be/fr/detail/garage/a-vendre/6220/lambusart/vbc87972,À rénover,,,Information non communiquée,,,,
https://immovlan.be/fr/detail/maison/a-vendre/8550/zwevegem/rbt67350,À rénover,,,Zone d'extension d'habitat,5,,,
https://immovlan.be/fr/detail/surface-commerciale/a-vendre/5190/jemeppe-sur-sambre/vbc87828,Normal,,,Non,,,,
https://immovlan.be/fr/detail/immeuble-mixte/a-vendre/6850/paliseul/vbc87783,Normal,,,Oui,,Semi-équipée,Sud,Mazout
https://immovlan.be/fr/detail/maison/a-vendre/4000/glain/vbc87769,À rénover,,,Non,2,,Oui,Gaz
https://immovlan.be/fr/detail/maison/a-vendre/8880/ledegem/rbt67140,Remis à neuf,,"oui, attestation conforme",Oui,,,2,
https://immovlan.be/fr/detail/appartement/a-vendre/1348/louvain-la-neuve/vbc87693,Non,,198 kWh/m²/an,,3,,,
https://immovlan.be/fr/detail/appartement/a-vendre/9270/laarne/rbt67134,Normal,,246 kWh/m²/an,,,,3,
https://immovlan.be/fr/detail/maison/a-vendre/9240/zele/rbt67003,À rénover,Non,575 kWh/m²/an,Information non communiquée,,,2,
https://immovlan.be/fr/detail/surface-commerciale/a-vendre/9120/beveren/rbt67002,À rénover,,,,,,,
https://immovlan.be/fr/detail/terrain/a-vendre/9340/lede/rbt67001,A l’acte,,,Information non communiquée,,,340 m²,
https://immovlan.be/fr/detail/terrain/a-vendre/9420/erpe-mere/rbt67000,A l’acte,,,Information non communiquée,,,253 m²,
https://immovlan.be/fr/detail/maison/a-vendre/2300/turnhout/rbt66812,Normal,,300 kWh/m²/an,,,,,
https://immovlan.be/fr/detail/maison/a-vendre/4040/herstal/vbc87639,Normal,,415 kWh/m²/an,,4,,Nord,Gaz
https://immovlan.be/fr/detail/maison/a-vendre/1340/ottignies-louvain-la-neuve/vbc87590,À rénover,Non,706 kWh/m²/an,Non,3,,,
https://immovlan.be/fr/detail/maison/a-vendre/9290/berlare/rbt66893,Nouveau,,,Oui,,Super équipée,,Oui
https://immovlan.be/fr/detail/appartement/a-vendre/4000/liege/vbc87565,Normal,,118 kWh/m²/an,Information non communiquée,2,7 m²,,
https://immovlan.be/fr/detail/rez-de-chaussee/a-vendre/2650/edegem/rbt66872,Non,Non,250 kWh/m²/an,Non,2,,Nord,
https://immovlan.be/fr/detail/appartement/a-vendre/2300/turnhout/rbt66859,À rénover,,,Non,,1,,
https://immovlan.be/fr/detail/maison/a-vendre/2300/turnhout/rbt66819,Normal,Non,281 kWh/m²/an,Non,,1,Est,Gaz
https://immovlan.be/fr/detail/maison/a-vendre/2300/turnhout/rbt66818,Non,Non,,Non,3,,Sud,Gaz
https://immovlan.be/fr/detail/maison/a-vendre/2800/malines/rbt66782,Excellent,Non,171 kWh/m²/an,,4,,Nord-est,
https://immovlan.be/fr/detail/maison/a-vendre/6200/chatelet/vwd13811,À rénover,,750 kWh/m²/an,,,Non équipée,Oui,Gaz
https://immovlan.be/fr/detail/villa/a-vendre/4000/liege/vbc87395,Normal,,,,,,,
https://immovlan.be/fr/detail/villa/a-vendre/3080/tervuren/vbc87332,Normal,Oui,,Oui,4,,,
https://immovlan.be/fr/detail/villa/a-vendre/7170/manage/vbc87324,A l’acte,Oui,243 kWh/m²/an,,8,,4,
https://immovlan.be/fr/detail/maison/a-vendre/6001/marcinelle/vbc87318,À rénover,Non,461 kWh/m²/an,,3,Indépendante,,
https://immovlan.be/fr/detail/appartement/a-vendre/6200/chatelineau/vbc87313,Non,Non,417 kWh/m²/an,,,,Est,Gaz
https://immovlan.be/fr/detail/maison/a-vendre/1000/bruxelles/vbc87245,À rénover,Non,798 kWh/m²/an,,,7 m²,,
https://immovlan.be/fr/detail/immeuble-mixte/a-vendre/6800/libramont-chevigny/vbc87224,Normal,Non,,,,Equipée,,
https://immovlan.be/fr/detail/maison/a-vendre/6800/libramont-chevigny/vbc87210,Normal,Non,,,,Equipée,,
https://immovlan.be/fr/detail/appartement/a-vendre/4000/liege/vbc87207,Remis à neuf,,,,2,1,,
https://immovlan.be/fr/detail/maison/a-vendre/9100/sint-niklaas/rbt66261,1850,Non,236 kWh/m²/an,,,,,
https://immovlan.be/fr/detail/maison/a-vendre/3650/dilsen-stokkem/rbt66253,Nouveau,Non,pas d'application,,4,Equipée,,
https://immovlan.be/fr/detail/maison/a-vendre/2830/willebroek/rbt66249,Normal,Non,391 kWh/m²/an,Non,2,Semi-équipée,Nord-ouest,Gaz
https://immovlan.be/fr/detail/maison/a-vendre/2860/sint-katelijne-waver/rbt66214,Nouveau,Non,,Oui,,Semi-équipée,Nord,
https://immovlan.be/fr/detail/appartement/a-vendre/8370/blankenberge/rbt66206,Non,,,"Zone d'habitat (résidentiel, urbain ou rural)",1,1,,
https://immovlan.be/fr/detail/appartement/a-vendre/8370/blankenberge/rbt66205,Non,,,"Zone d'habitat (résidentiel, urbain ou rural)",,,2,
https://immovlan.be/fr/detail/maison/a-vendre/2840/rumst/rbt66244,Normal,,178 kWh/m²/an,,2,,,
https://immovlan.be/fr/detail/appartement/a-vendre/8620/nieuwpoort/rbt66200,Excellent,Oui,145 kWh/m²/an,,1,,4,Double vitrage
https://immovlan.be/fr/detail/surface-commerciale/a-vendre/8720/dentergem/rbt66168,Normal,Non,268 kWh/m²/an,Non,3,1,,Mazout
https://immovlan.be/fr/detail/appartement/a-vendre/4020/liege/vbc87152,Remis à neuf,Oui,181 kWh/m²/an,Non,3,1,3,
https://immovlan.be/fr/detail/maison/a-vendre/4470/saint-georges-sur-meuse/vbc87151,À rénover,Non,,Non,2,1,,
https://immovlan.be/fr/detail/terrain-a-batir/a-vendre/6150/anderlues/vbc36648,Non,,,,,,394 m²,
https://immovlan.be/fr/detail/maison/a-vendre/6250/pont-de-loup/vbc77889,À rénover,,425 kWh/m²/an,,2,1,,
https://immovlan.be/fr/detail/maison/a-vendre/8680/koekelare/rbs94238,Non,Non,,Non,2,1,,
https://immovlan.be/fr/detail/immeuble-de-rapport/a-vendre/7500/tournai/vbc54026,Non,Non,,Pas de risque d’inondation,,,Non,
https://immovlan.be/fr/detail/rez-de-chaussee/a-vendre/7800/ath/vbc73015,À rénover,Oui,303 kWh/m²/an,Information non communiquée,,,,
https://immovlan.be/fr/detail/appartement/a-vendre/8940/wervik/rwc38486,Normal,Non,,,2,Super équipée,1,Oui
https://immovlan.be/fr/detail/appartement/a-vendre/4470/saint-georges-sur-meuse/vbc75234,Excellent,,,Pas de risque d’inondation,3,,,
https://immovlan.be/fr/detail/bureaux/a-vendre/6000/charleroi/vbc70319,Normal,Oui,,,,,Oui,
https://immovlan.be/fr/detail/maison/a-vendre/7861/wannebecq/vbc59815,Normal,,,Information non communiquée,,,3,Mazout
https://immovlan.be/fr/detail/maison/a-vendre/6060/gilly/vwd12849,À rénover,,,Information non communiquée,,,,Non specifié
https://immovlan.be/fr/detail/terrain-a-batir/a-vendre/5651/tarcienne/vwd12715,A l’acte,,,Information non communiquée,,,,
https://immovlan.be/fr/detail/maison/a-vendre/6560/hantes-wiheries/vbc76521,Non,,,Information non communiquée,3,,,
https://immovlan.be/fr/detail/maison/a-vendre/6560/erquelinnes/vbc66240,Non,,,,2,1,2,Non specifié
https://immovlan.be/fr/detail/villa/a-vendre/1420/braine-l-alleud/vbc44602,Normal,,388 kWh/m²/an,Information non communiquée,,,,Gaz
https://immovlan.be/fr/detail/villa/a-vendre/1410/waterloo/vbc44601,Normal,Non,,,,Super équipée,4,
https://immovlan.be/fr/detail/appartement/a-vendre/7110/houdeng-aimeries/vbc49149,Non,,20250313034632,Information non communiquée,Non,1,2,
https://immovlan.be/fr/detail/maison/a-vendre/6010/couillet/vbc75085,Normal,,,Information non communiquée,5,,3,
https://immovlan.be/fr/detail/maison/a-vendre/8680/koekelare/rbt26655,Non,Non,,Non,3,Equipée,,Mazout
https://immovlan.be/fr/detail/appartement/a-vendre/1140/evere/vbc51183,Non,,,,2,1,3,Mazout
https://immovlan.be/fr/detail/duplex/a-vendre/8660/la-panne/rbt41665,Non,Non,,,,Equipée,,Gaz
https://immovlan.be/fr/detail/maison/a-vendre/5650/walcourt/vbc45914,À rénover,,785 kWh/m²/an,Information non communiquée,2,Equipée,,Bois
https://immovlan.be/fr/detail/terrain/a-vendre/1560/hoeilaart/vbc73054,,,,,,,585 m²,
https://immovlan.be/fr/detail/maison/a-vendre/8432/leffinge/rbt03440,Non,,,Non,3,Non équipée,Sud,Gaz
https://immovlan.be/fr/detail/maison/a-vendre/6560/erquelinnes/vbc74798,Non,,471 kWh/m²/an,,3,,4,Non specifié
https://immovlan.be/fr/detail/appartement/a-vendre/6200/chatelet/vbc61899,Normal,Oui,188 kWh/m²/an,,2,1,4,
https://immovlan.be/fr/detail/maison/a-vendre/8500/courtrai/rbt02313,Non,Non,807 kWh/m²/an,,2,1,,
https://immovlan.be/fr/detail/garage/a-vendre/8800/roeselare/rbs87277,Normal,,,,,,2,
https://immovlan.be/fr/detail/appartement/a-vendre/8800/roeselare/rbt45961,Remis à neuf,,291 kWh/m²/an,,2,1,4,
https://immovlan.be/fr/detail/terrain/a-vendre/5300/andenne/vbb26221,A l’acte,,,,,,2470 m²,
https://immovlan.be/fr/detail/maison/a-vendre/1400/nivelles/vbc82916,Normal,Non,,Oui,,,,
https://immovlan.be/fr/detail/bureaux/a-vendre/9880/aalter/rbt32087,Non,Non,,,Non,,,
https://immovlan.be/fr/detail/appartement/a-vendre/1325/chaumont-gistoux/vbc44488,Nouveau,,,,2,,3,Gaz
https://immovlan.be/fr/detail/appartement/a-vendre/1325/chaumont-gistoux/vbc44078,Nouveau,,80 kWh/m²/an,Information non communiquée,2,Super équipée,0,Gaz
https://immovlan.be/fr/detail/appartement/a-vendre/5100/jambes/vbc55980,Normal,Non,213 kWh/m²/an,,,Semi-équipée,2,
https://immovlan.be/fr/detail/appartement/a-vendre/8660/la-panne/rbt02925,Non,,111 kWh/m²/an,Non,3,Equipée,2,Gaz
https://immovlan.be/fr/detail/garage/a-vendre/8530/harelbeke/rbp06782,Excellent,,,"Zone d'habitat (résidentiel, urbain ou rural)",,,3,
https://immovlan.be/fr/detail/maison/a-vendre/6700/arlon/vbc56198,Normal,,238 kWh/m²/an,Pas de risque d’inondation,4,Super équipée,,
https://immovlan.be/fr/detail/maison/a-vendre/8900/ieper/rbj91719,Nouveau,,,,,,3,
https://immovlan.be/fr/detail/maison/a-vendre/1490/court-saint-etienne/vbc69029,Non,,211 kWh/m²/an,Information non communiquée,3,Non équipée,,
https://immovlan.be/fr/detail/rez-de-chaussee/a-vendre/2530/boechout/rbt63373,Normal,Oui,257 kWh/m²/an,,,1,2,
https://immovlan.be/fr/detail/maison/a-vendre/5190/moustier-sur-sambre/vbc78966,Normal,Non,,Pas de risque d’inondation,5,Equipée,,Oui
https://immovlan.be/fr/detail/appartement/a-vendre/1060/saint-gilles/vbc70285,À rénover,Non,,,4,Non équipée,2,
https://immovlan.be/fr/detail/terrain/a-vendre/7110/maurage/vbc55865,A l’acte,,,Information non communiquée,,,319 m²,
https://immovlan.be/fr/detail/studio/a-vendre/4102/ougree/vbc60776,À rénover,Non,920 kWh/m²/an,Non,1,1,,
https://immovlan.be/fr/detail/studio/a-vendre/4102/ougree/vbc60777,À rénover,Non,770 kWh/m²/an,Non,1,1,,
https://immovlan.be/fr/detail/maison/a-vendre/5570/winenne/vbc91989,À rénover,Non,,Non,4,,Oui,Non
https://immovlan.be/fr/detail/maison/a-vendre/5570/winenne/vbc91988,Normal,Non,457 kWh/m²/an,,2,,1,Non
https://immovlan.be/fr/detail/maison/a-vendre/5001/belgrade/vbc91984,À rénover,,296 kWh/m²/an,,4,,Est,
https://immovlan.be/fr/detail/appartement/a-vendre/9000/gand/rbt73264,Normal,Oui,20211223-0002514805-RES-1,Non,,1,3,Gaz
https://immovlan.be/fr/detail/maison/a-vendre/5550/bohan/vbc91983,Normal,Non,407 kWh/m²/an,,,1,,
https://immovlan.be/fr/detail/bien-divers/a-vendre/4000/liege/vbc91982,Normal,Oui,,Non,,4,Est,
https://immovlan.be/fr/detail/appartement/a-vendre/1030/schaerbeek/vbc91981,Normal,,,Non,1,,3,
https://immovlan.be/fr/detail/appartement/a-vendre/1030/schaerbeek/vbc91980,Normal,,267 kWh/m²/an,,1,,6 m,
https://immovlan.be/fr/detail/appartement/a-vendre/1030/schaerbeek/vbc91979,Normal,Non,,Non,2,,,Gaz
https://immovlan.be/fr/detail/maison/a-vendre/1700/dilbeek/rbt73263,À rénover,Non,325 kWh/m²/an,Non,,1,,
https://immovlan.be/fr/detail/ferme/a-vendre/3945/oostham/rbt73258,Normal,,502 kWh/m²/an,Non,,,,
https://immovlan.be/fr/detail/rez-de-chaussee/a-vendre/3920/lommel/rbt73257,Normal,,,,2,1,,
https://immovlan.be/fr/detail/maison/a-vendre/3583/paal/rbt73256,À rénover,Non,850 kWh/m²/an,,,,4,Mazout
https://immovlan.be/fr/detail/maison/a-vendre/3971/heppen/rbt73255,Excellent,Non,237 kWh/m²/an,,,,Est,Mazout
https://immovlan.be/fr/detail/maison/a-vendre/2490/balen/rbt73254,Normal,Non,,,,,Nord-est,
https://immovlan.be/fr/detail/surface-industrielle/a-vendre/3920/lommel/rbt73253,Normal,Non,"oui, attestation conforme",Non,,2,Oui,Gaz
https://immovlan.be/fr/detail/maison/a-vendre/3971/heppen/rbt73252,Normal,Non,,Non,,,Nord-ouest,Gaz
https://immovlan.be/fr/detail/maison/a-vendre/2490/balen/rbt73251,À rénover,,,Non,,,,
https://immovlan.be/fr/detail/maison/a-vendre/3920/lommel/rbt73250,Normal,Non,679 kWh/m²/an,,,,Nord-ouest,Non specifié
https://immovlan.be/fr/detail/maison/a-vendre/3945/ham/rbt73249,Excellent,Non,153 kWh/m²/an,,,,Sud-est,Gaz
https://immovlan.be/fr/detail/maison/a-vendre/3920/lommel/rbt73248,Normal,Non,160 kWh/m²/an,,,,Ouest,Gaz
https://immovlan.be/fr/detail/terrain/a-vendre/3920/lommel/rbt73247,Non,,,,,,,
https://immovlan.be/fr/detail/villa/a-vendre/2400/mol/rbt73246,Nouveau,Oui,pas d'application,Non,3,,4,
https://immovlan.be/fr/detail/maison/a-vendre/3945/ham/rbt73245,Excellent,Non,,Non,,,Ouest,Gaz
https://immovlan.be/fr/detail/maison/a-vendre/3900/pelt/rbt73244,Excellent,Non,192 kWh/m²/an,,,,Ouest,Mazout
https://immovlan.be/fr/detail/maison/a-vendre/3580/beringen/rbt73243,Excellent,,"oui, attestation conforme",Non,15,9,,
https://immovlan.be/fr/detail/maison/a-vendre/3583/paal/rbt73242,À rénover,Non,850 kWh/m²/an,,,,4,Mazout
https://immovlan.be/fr/detail/maison/a-vendre/3920/lommel/rbt73241,Normal,Non,20240930-0003393202-RES-1,Non,,,Nord-ouest,Gaz
https://immovlan.be/fr/detail/terrain/a-vendre/3920/lommel/rbt73240,Non,,,,,,,
https://immovlan.be/fr/detail/immeuble-de-rapport/a-vendre/3580/beringen/rbt73239,Normal,Non,166 kWh/m²/an,,,,4,Mazout
https://immovlan.be/fr/detail/maison/a-vendre/3920/lommel/rbt73238,Normal,Non,362 kWh/m²/an,,,,Nord-ouest,Gaz
https://immovlan.be/fr/detail/bien-divers/a-vendre/3580/beringen/rbt73237,Non,,,,,,,
https://immovlan.be/fr/detail/maison/a-vendre/3910/neerpelt/rbt73236,Normal,,108 kWh/m²/an,,,,,
https://immovlan.be/fr/detail/immeuble-de-rapport/a-vendre/9230/wetteren/rbt73235,Non,Non,,,,,2,Electrique
https://immovlan.be/fr/detail/garage/a-vendre/7711/dottignies/vbc91977,À rénover,,,Information non communiquée,,,,
https://immovlan.be/fr/detail/maison/a-vendre/7300/boussu/vbc91976,Normal,Non,402 kWh/m²/an,Information non communiquée,,,,
https://immovlan.be/fr/detail/maison/a-vendre/7012/jemappes/vbc91967,À rénover,,483 kWh/m²/an,,2,1,,
https://immovlan.be/fr/detail/maison/a-vendre/3581/beverlo/rbt73232,Non,,,,2,,4,Gaz
https://immovlan.be/fr/detail/immeuble-de-rapport/a-vendre/8810/lichtervelde/rbt73228,Non,Non,61 kWh/m²/an,Non,2,1,,
https://immovlan.be/fr/detail/appartement/a-vendre/8370/blankenberge/rbt73227,Non,,50 kWh/m²/an,,1,,Non,Gaz
https://immovlan.be/fr/detail/maison/a-vendre/8480/eernegem/rbt73226,Non,Non,461 kWh/m²/an,,3,,,
https://immovlan.be/fr/detail/maison/a-vendre/8530/harelbeke/rbt73225,Non,Non,,Non,3,,,Mazout
https://immovlan.be/fr/detail/maison/a-vendre/8500/courtrai/rbt73224,Non,Non,330 kWh/m²/an,,,1,,
https://immovlan.be/fr/detail/maison/a-vendre/9170/sint-gillis-waas/rbt73223,Normal,,,Non,,1,,
https://immovlan.be/fr/detail/penthouse/a-vendre/8430/middelkerke/rbt73221,Non,Non,197 kWh/m²/an,,1,1,10,
https://immovlan.be/fr/detail/bungalow/a-vendre/8570/anzegem/rbt73220,Non,,473 kWh/m²/an,,,1,,
https://immovlan.be/fr/detail/maison/a-vendre/8200/sint-michiels/rbt73219,Non,,339 kWh/m²/an,,,1,Sud-ouest,Gaz
https://immovlan.be/fr/detail/maison/a-vendre/3120/tremelo/rbt73218,Non,,449 kWh/m²/an,,,1,Sud-ouest,
https://immovlan.be/fr/detail/surface-commerciale/a-vendre/3140/keerbergen/rbt73217,Normal,Non,pas d'application,Information non communiquée,,2,,Gaz
https://immovlan.be/fr/detail/maison/a-vendre/3191/hever/rbt73215,Non,Non,,Non,,1,,
https://immovlan.be/fr/detail/garage/a-vendre/8400/ostende/rwc39954,Normal,,,,,,,
https://immovlan.be/fr/detail/surface-commerciale/a-vendre/1080/molenbeek-saint-jean/vbc91962,Normal,Non,,Non,,,,
https://immovlan.be/fr/detail/appartement/a-vendre/1210/saint-josse-ten-noode/vbc91961,Normal,,,Non,,,,
https://immovlan.be/fr/detail/appartement/a-vendre/1020/laeken/vbc91960,Normal,,120 kWh/m²/an,Non,2,7 m²,,
https://immovlan.be/fr/detail/appartement/a-vendre/1180/uccle/vbc91958,Non,,,Non,3,,0,
https://immovlan.be/fr/detail/appartement/a-vendre/1180/uccle/vbc91957,Non,,"non, pas d'attestation",,3,,2,
https://immovlan.be/fr/detail/appartement/a-vendre/1180/uccle/vbc91956,Non,,,Non,3,,Oui,
https://immovlan.be/fr/detail/appartement/a-vendre/1180/uccle/vbc91955,Non,Non,,Non,1,,,Non
https://immovlan.be/fr/detail/maison/a-vendre/9300/alost/rbt73212,Excellent,Non,,,3,,1,Non
https://immovlan.be/fr/detail/appartement/a-vendre/7000/mons/vbc91953,Excellent,Oui,86 kWh/m²/an,Non,,,0,
https://immovlan.be/fr/detail/appartement/a-vendre/1050/ixelles/vbc91952,Excellent,,,,,,,
https://immovlan.be/fr/detail/maison/a-vendre/1410/waterloo/vbc91949,À rénover,,667 kWh/m²/an,Pas de risque d’inondation,,Indépendante,,
https://immovlan.be/fr/detail/appartement/a-vendre/8400/ostende/rwc39953,Normal,,182 kWh/m²/an,,,Super équipée,,Gaz
https://immovlan.be/fr/detail/maison/a-vendre/9090/melle/rbt73208,À rénover,,456 kWh/m²/an,,,1,3,
https://immovlan.be/fr/detail/maison/a-vendre/7141/carnieres/vbc91948,À rénover,,,Information non communiquée,,1,4,Non specifié
https://immovlan.be/fr/detail/ferme/a-vendre/9880/aalter/rbt73195,Non,,1406 kWh/m²/an,Non,2,1,2617 m²,Non
https://immovlan.be/fr/detail/appartement/a-vendre/2650/edegem/rbt73194,Excellent,Non,183 kWh/m²/an,Non,,7 m²,,Non
https://immovlan.be/fr/detail/penthouse/a-vendre/1160/auderghem/vbc91947,Normal,Oui,205 kWh/m²/an,,,,,
https://immovlan.be/fr/detail/maison/a-vendre/8500/courtrai/rbt73193,Normal,,,Oui,,Super équipée,2,Gaz
https://immovlan.be/fr/detail/appartement/a-vendre/2340/beerse/rbt73191,Excellent,,,Non,,1,,
https://immovlan.be/fr/detail/maison/a-vendre/6940/durbuy/vbc91945,À rénover,Non,443 kWh/m²/an,Pas de risque d’inondation,4,1,Nord-ouest,Mazout
https://immovlan.be/fr/detail/maison/a-vendre/3120/tremelo/rbt73190,1972,,431 kWh/m²/an,,3,Equipée,,
https://immovlan.be/fr/detail/maison/a-vendre/2560/kessel/rbt73187,À rénover,,974 kWh/m²/an,,,1,,
https://immovlan.be/fr/detail/maison/a-vendre/6530/thuin/vbc91944,À rénover,,453 kWh/m²/an,,,,2,
https://immovlan.be/fr/detail/maison/a-vendre/6280/gougnies/vbc91943,À rénover,Non,457 kWh/m²/an,,,,,Non specifié
https://immovlan.be/fr/detail/appartement/a-vendre/2570/duffel/rbt73184,Normal,Non,203 kWh/m²/an,,,1,Nord-ouest,Gaz
https://immovlan.be/fr/detail/bungalow/a-vendre/2570/duffel/rbt73176,À rénover,Non,801 kWh/m²/an,,,1,Nord-ouest,Gaz
https://immovlan.be/fr/detail/villa/a-vendre/2570/duffel/rbt73173,Normal,,308 kWh/m²/an,,,,,
https://immovlan.be/fr/detail/maison/a-vendre/3512/stevoort/rbt73172,Nouveau,,,"Zone d'habitat (résidentiel, urbain ou rural)",4,2,4,
https://immovlan.be/fr/detail/maison/a-vendre/3500/hasselt/rbt73171,Nouveau,,,,4,1,,
https://immovlan.be/fr/detail/bureaux/a-vendre/3590/diepenbeek/rbt73170,Non,,435 kWh/m²/an,,,,Oui,Double vitrage
https://immovlan.be/fr/detail/garage/a-vendre/1000/bruxelles/rbt73169,Non,,,Information non communiquée,,,2,
https://immovlan.be/fr/detail/penthouse/a-vendre/1000/bruxelles/rbt73168,Non,,,,,,,
https://immovlan.be/fr/detail/maison/a-vendre/3010/kessel-lo/rbt73166,Excellent,Oui,166 kWh/m²/an,,,,Oui,
https://immovlan.be/fr/detail/fonds-de-commerce/a-vendre/8670/oostduinkerke/rbt73165,Excellent,Oui,,,Non,,177 m²,
https://immovlan.be/fr/detail/maison/a-vendre/8670/coxyde/rbt73164,Excellent,,,,3,2,4,Oui
https://immovlan.be/fr/detail/surface-industrielle/a-vendre/7333/tertre/vbc91939,Normal,,"non, pas d'attestation",Information non communiquée,,,396 m²,
https://immovlan.be/fr/detail/immeuble-de-rapport/a-vendre/2220/heist-op-den-berg/rbt73162,Non,,354 kWh/m²/an,"Zone d'habitat (résidentiel, urbain ou rural)",2,2,1,
https://immovlan.be/fr/detail/maison/a-vendre/2580/beerzel/rbt73161,Non,,,,,1,,
https://immovlan.be/fr/detail/maison/a-vendre/2580/beerzel/rbt73160,Non,,196 kWh/m²/an,"Zone d'habitat (résidentiel, urbain ou rural)",,,4,
https://immovlan.be/fr/detail/villa/a-vendre/2801/heffen/rbt73157,Normal,Non,,Oui,,,Nord,Non specifié
https://immovlan.be/fr/detail/appartement/a-vendre/3590/diepenbeek/rbt73155,Non,Oui,,,2,,1,Non specifié
https://immovlan.be/fr/detail/appartement/a-vendre/3590/diepenbeek/rbt73154,Non,Oui,,,1,,2,Non specifié
https://immovlan.be/fr/detail/maison/a-vendre/8870/izegem/rbt73153,Excellent,,,"Zone d'habitat (résidentiel, urbain ou rural)",4,2,4,
https://immovlan.be/fr/detail/appartement/a-vendre/8780/oostrozebeke/rbt73149,Excellent,,120 kWh/m²/an,,2,,,
https://immovlan.be/fr/detail/maison/a-vendre/8870/izegem/rbt73148,À rénover,,1026 kWh/m²/an,,3,,,Mazout
https://immovlan.be/fr/detail/appartement/a-vendre/1800/peutie/rbt73146,Excellent,,,,,9 m²,2,
https://immovlan.be/fr/detail/maison/a-vendre/9280/lebbeke/rbt73145,Excellent,,,,4,,3,
https://immovlan.be/fr/detail/appartement/a-vendre/8700/tielt/rbt73144,Excellent,,,"Zone d'habitat (résidentiel, urbain ou rural)",3,1,3,
https://immovlan.be/fr/detail/maison/a-vendre/8700/tielt/rbt73143,À rénover,,878 kWh/m²/an,,,1,2,
https://immovlan.be/fr/detail/appartement/a-vendre/3830/wellen/rbt73141,Nouveau,Oui,"oui, attestation conforme","Zone d'habitat (résidentiel, urbain ou rural)",,,,
https://immovlan.be/fr/detail/appartement/a-vendre/3830/wellen/rbt73140,Nouveau,,,,2,1,2,Oui
https://immovlan.be/fr/detail/appartement/a-vendre/3830/wellen/rbt73139,Nouveau,Oui,"oui, attestation conforme","Zone d'habitat (résidentiel, urbain ou rural)",3,,,
https://immovlan.be/fr/detail/penthouse/a-vendre/2100/deurne/rbt73138,Normal,,,Non,,1,,
https://immovlan.be/fr/detail/maison/a-vendre/2980/halle/rbt73137,Normal,Non,,Non,,,Nord-est,Gaz
https://immovlan.be/fr/detail/maison/a-vendre/9100/sint-niklaas/rbt73136,Non,,171 kWh/m²/an,"Zone d'habitat (résidentiel, urbain ou rural)",4,,5 m,
https://immovlan.be/fr/detail/maison/a-vendre/8870/izegem/rbt73135,Excellent,,,,,1,2,
https://immovlan.be/fr/detail/maison/a-vendre/9690/kluisbergen/rbt73134,Excellent,,339 kWh/m²/an,"Zone d'habitat (résidentiel, urbain ou rural)",3,1,,
https://immovlan.be/fr/detail/maison/a-vendre/8650/houthulst/rbt73133,Nouveau,,,"Zone d'habitat (résidentiel, urbain ou rural)",,,4,
https://immovlan.be/fr/detail/appartement/a-vendre/8800/roeselare/rbt73132,Excellent,,,,2,,,
https://immovlan.be/fr/detail/garage/a-vendre/8800/roeselare/rbt73131,Non,,,"Zone, info non disponible",,,,
https://immovlan.be/fr/detail/garage/a-vendre/8800/roeselare/rbt73130,Non,,,"Zone, info non disponible",,,,
https://immovlan.be/fr/detail/maison/a-vendre/7503/froyennes/rbt73128,À rénover,,,,,,,
https://immovlan.be/fr/detail/maison/a-vendre/2930/brasschaat/rbt73127,Remis à neuf,,103 kWh/m²/an,,4,1,,
https://immovlan.be/fr/detail/appartement/a-vendre/9080/lochristi/rbt73126,Nouveau,Oui,"oui, attestation conforme","Zone, info non disponible",2,,,Oui
https://immovlan.be/fr/detail/appartement/a-vendre/9080/zeveneken/rbt73125,Nouveau,Oui,,,1,1,,Oui
https://immovlan.be/fr/detail/maison/a-vendre/8760/meulebeke/rbt73124,Excellent,,,"Zone d'habitat (résidentiel, urbain ou rural)",3,1,3,Oui
https://immovlan.be/fr/detail/loft/a-vendre/9300/alost/rbt73123,Excellent,Oui,,,,2,,Oui
https://immovlan.be/fr/detail/bureaux/a-vendre/9310/moorsel/rbt73122,Excellent,,,"Zone d'habitat (résidentiel, urbain ou rural)",,2,Oui,Oui
https://immovlan.be/fr/detail/bureaux/a-vendre/9300/alost/rbt73121,Excellent,,,"Zone d'habitat (résidentiel, urbain ou rural)",,2,Oui,Oui
https://immovlan.be/fr/detail/bureaux/a-vendre/9300/alost/rbt73120,Non,,"oui, attestation conforme","Zone d'habitat (résidentiel, urbain ou rural)",Non,,,
https://immovlan.be/fr/detail/surface-industrielle/a-vendre/8000/bruges/rbt73119,Excellent,,,Oui,,,14423 m²,
https://immovlan.be/fr/detail/surface-industrielle/a-vendre/8000/bruges/rbt73118,Excellent,,,Oui,,,14423 m²,
https://immovlan.be/fr/detail/appartement/a-vendre/2140/borgerhout/rbt73112,À rénover,Oui,,Non,,,2,Mazout
https://immovlan.be/fr/detail/appartement/a-vendre/2610/wilrijk/rbt73108,Normal,,151 kWh/m²/an,,,1,,
https://immovlan.be/fr/detail/surface-industrielle/a-vendre/9690/kluisbergen/rbt73066,Non,,"non, pas d'attestation",Oui,Non,,,
https://immovlan.be/fr/detail/surface-industrielle/a-vendre/9690/kluisbergen/rbt73065,Non,,"non, pas d'attestation",Oui,Non,,,
https://immovlan.be/fr/detail/surface-industrielle/a-vendre/9690/kluisbergen/rbt73064,Non,,"non, pas d'attestation",Oui,Non,,,
https://immovlan.be/fr/detail/surface-industrielle/a-vendre/9690/kluisbergen/rbt73063,Non,,"non, pas d'attestation",Oui,Non,,,
https://immovlan.be/fr/detail/immeuble-de-rapport/a-vendre/6880/cugnon/rbt73054,Nouveau,,,,,,0,
https://immovlan.be/fr/detail/maison/a-vendre/3920/lommel/rbt73053,Nouveau,,,,3,,,Oui
https://immovlan.be/fr/detail/appartement/a-vendre/8310/sint-kruis/rbt73051,Normal,,,Non,,1,,
https://immovlan.be/fr/detail/maison/a-vendre/9900/eeklo/rbt73049,Excellent,,276 kWh/m²/an,Zone d'extension d'habitat,4,1,,Gaz
https://immovlan.be/fr/detail/appartement/a-vendre/8420/de-haan/rbt73048,Excellent,,336 kWh/m²/an,"Zone, info non disponible",1,1,1,
https://immovlan.be/fr/detail/appartement/a-vendre/8420/de-haan/rbt73047,Excellent,,388 kWh/m²/an,"Zone d'habitat d'intérêt culturel, historique et/ou esthétique",4,2,1,
https://immovlan.be/fr/detail/appartement/a-vendre/8420/de-haan/rbt73046,Excellent,Oui,112 kWh/m²/an,"Zone, info non disponible",1,,0,
https://immovlan.be/fr/detail/maison/a-vendre/9290/berlare/rbt73045,Nouveau,,"oui, attestation conforme","Zone d'habitat (résidentiel, urbain ou rural)",5,1,3,
https://immovlan.be/fr/detail/maison/a-vendre/9290/berlare/rbt73044,Nouveau,,"oui, attestation conforme","Zone d'habitat (résidentiel, urbain ou rural)",5,1,3,
https://immovlan.be/fr/detail/maison/a-vendre/9290/berlare/rbt73043,Nouveau,,"oui, attestation conforme","Zone d'habitat (résidentiel, urbain ou rural)",5,1,3,
https://immovlan.be/fr/detail/maison/a-vendre/9290/berlare/rbt73042,Nouveau,,"oui, attestation conforme","Zone d'habitat (résidentiel, urbain ou rural)",5,1,3,
https://immovlan.be/fr/detail/maison/a-vendre/9290/berlare/rbt73041,Nouveau,,"oui, attestation conforme","Zone d'habitat (résidentiel, urbain ou rural)",5,1,3,
https://immovlan.be/fr/detail/maison/a-vendre/9290/berlare/rbt73040,Nouveau,,"oui, attestation conforme","Zone d'habitat (résidentiel, urbain ou rural)",5,1,3,
https://immovlan.be/fr/detail/maison/a-vendre/8370/blankenberge/rbt73033,Excellent,,195 kWh/m²/an,"Zone d'habitat (résidentiel, urbain ou rural)",,,2,
https://immovlan.be/fr/detail/maison/a-vendre/3270/scherpenheuvel/rbt73032,À rénover,,450 kWh/m²/an,,,1,,
https://immovlan.be/fr/detail/maison/a-vendre/6460/chimay/vbc91935,Non,,,,,,,
https://immovlan.be/fr/detail/appartement/a-vendre/8700/tielt/rbt73030,Non,Oui,,,,,0,
https://immovlan.be/fr/detail/appartement/a-vendre/8500/courtrai/rbt73029,Nouveau,,,,1,,,
https://immovlan.be/fr/detail/appartement/a-vendre/8500/courtrai/rbt73028,Nouveau,,"non, pas d'attestation","Zone d'habitat (résidentiel, urbain ou rural)",2,,,
https://immovlan.be/fr/detail/maison/a-vendre/8500/courtrai/rbt73027,Nouveau,,,,,,2,
https://immovlan.be/fr/detail/villa/a-vendre/2820/rijmenam/rbt73026,Non,Oui,96 kWh/m²/an,,,,Oui,Oui
https://immovlan.be/fr/detail/maison/a-vendre/9290/berlare/rbt73025,Excellent,,,"Zone d'habitat (résidentiel, urbain ou rural)",4,,4,
https://immovlan.be/fr/detail/terrain-a-batir/a-vendre/6001/marcinelle/vwd13941,A l’acte,,,Non,,,428 m²,
https://immovlan.be/fr/detail/terrain-a-batir/a-vendre/1840/londerzeel/rbt73022,Non,,,,,,,
https://immovlan.be/fr/detail/maison/a-vendre/3050/oud-heverlee/rbt73021,Normal,,57 kWh/m²/an,,5,2,,Oui
https://immovlan.be/fr/detail/terrain/a-vendre/4800/lambermont/vbc91934,Non,,,Information non communiquée,,,19696 m²,
https://immovlan.be/fr/detail/maison/a-vendre/9000/gand/rbt73020,À rénover,Non,,,4,,Sud-est,Gaz
https://immovlan.be/fr/detail/maison/a-vendre/2100/deurne/rbt73019,Normal,,,Information non communiquée,4,2,,
https://immovlan.be/fr/detail/maison/a-vendre/2990/wuustwezel/rbt73018,Normal,,,Non,3,1,,
https://immovlan.be/fr/detail/maison/a-vendre/9402/meerbeke/rbt73017,Non,Non,497 kWh/m²/an,"Zone d'habitat (résidentiel, urbain ou rural)",1,,Nord,Electrique
https://immovlan.be/fr/detail/appartement/a-vendre/7380/quievrain/vbc91933,Non,,392 kWh/m²/an,Pas de risque d’inondation,2,,,
https://immovlan.be/fr/detail/maison/a-vendre/7390/quaregnon/vbc91932,Non,,,,4,1,,
https://immovlan.be/fr/detail/maison/a-vendre/7000/mons/vbc91931,Non,Non,600 kWh/m²/an,Pas de risque d’inondation,,,Sud-est,Gaz
https://immovlan.be/fr/detail/maison/a-vendre/7600/peruwelz/vbc91930,Non,Non,,,,,Nord,
https://immovlan.be/fr/detail/maison/a-vendre/7390/quaregnon/vbc91929,Normal,Non,,,,,2,Gaz
https://immovlan.be/fr/detail/appartement/a-vendre/1120/neder-over-heembeek/rbt73015,Normal,Oui,,Information non communiquée,2,,1,Electrique
https://immovlan.be/fr/detail/maison/a-vendre/5530/yvoir/vbc91926,Non,Non,298 kWh/m²/an,Information non communiquée,,,4,Gaz
https://immovlan.be/fr/detail/surface-commerciale/a-vendre/5100/jambes/vbc91925,Non,Non,,,,1,Ouest,Electrique
https://immovlan.be/fr/detail/appartement/a-vendre/7890/wodecq/vbc91923,Non,Non,,,1,,Nord,
https://immovlan.be/fr/detail/maison/a-vendre/6870/saint-hubert/vbc91920,Normal,,234 kWh/m²/an,Information non communiquée,,2,,
https://immovlan.be/fr/detail/penthouse/a-vendre/1970/wezembeek-oppem/vbc91919,Excellent,,93 kWh/m²/an,Classe A: pas d'inondation modéliséeClasse B: faible risque d'inondation sous le changement climatique de 2050Classe C: faible risque d'inondation sous le climat actuelClasse D: risque moyen d'inondation sous le climat actuel,,Super équipée,,Oui
https://immovlan.be/fr/detail/terrain/a-vendre/3580/beringen/rbt73004,Non,,,Zone d'extension d'habitat,,,4767 m²,
https://immovlan.be/fr/detail/terrain-agricole/a-vendre/3580/beringen/rbt73003,Non,,,Non,,,7800 m²,
https://immovlan.be/fr/detail/maison/a-vendre/2490/balen/rbt73002,Nouveau,Non,,,,1,Sud,Gaz
https://immovlan.be/fr/detail/maison/a-vendre/7370/dour/vbc91918,À rénover,Non,,Pas de risque d’inondation,2,,Sud,Gaz
https://immovlan.be/fr/detail/surface-commerciale/a-vendre/1050/ixelles/vbc91917,Non,Non,pas d'application,Information non communiquée,,1,Oui,
https://immovlan.be/fr/detail/immeuble-de-rapport/a-vendre/1180/uccle/vbc91916,Non,Non,439 kWh/m²/an,Information non communiquée,,,2,Non specifié
https://immovlan.be/fr/detail/appartement/a-vendre/1000/bruxelles/vbc91915,Non,Oui,249 kWh/m²/an,Information non communiquée,3,1,1,Gaz
https://immovlan.be/fr/detail/appartement/a-vendre/1190/forest/vbc91913,À rénover,Non,205 kWh/m²/an,,1,,12,Gaz
https://immovlan.be/fr/detail/maison/a-vendre/6940/durbuy/vbc91912,Non,Non,,Pas de risque d’inondation,,,Nord-ouest,Mazout
https://immovlan.be/fr/detail/maison/a-vendre/3090/overijse/rbt72995,Nouveau,,,,,,,
https://immovlan.be/fr/detail/villa/a-vendre/3090/overijse/rbt72994,Normal,,,Non,4,2,,
https://immovlan.be/fr/detail/maison/a-vendre/3040/huldenberg/rbt72993,Normal,,,,6,,,
https://immovlan.be/fr/detail/appartement/a-vendre/1090/jette/vbc91910,Normal,,186 kWh/m²/an,Information non communiquée,2,1,,
https://immovlan.be/fr/detail/maison/a-vendre/1070/anderlecht/vbc91909,À rénover,,391 kWh/m²/an,Information non communiquée,4,1,,
https://immovlan.be/fr/detail/maison/a-vendre/1070/anderlecht/vbc91908,À rénover,,362 kWh/m²/an,Information non communiquée,4,1,,
https://immovlan.be/fr/detail/garage/a-vendre/1030/schaerbeek/vbc91906,Non,,,Information non communiquée,,,,
https://immovlan.be/fr/detail/maison/a-vendre/9200/grembergen/rbt72991,Normal,Non,,Non,,,Oui,Mazout
https://immovlan.be/fr/detail/maison/a-vendre/7370/dour/vbc91905,Normal,,,,3,,4,
https://immovlan.be/fr/detail/maison/a-vendre/3665/as/rbt72988,À rénover,,521 kWh/m²/an,Classe A: pas d'inondation modéliséeClasse B: faible risque d'inondation sous le changement climatique de 2050Classe C: faible risque d'inondation sous le climat actuelClasse D: risque moyen d'inondation sous le climat actuel,,,,
https://immovlan.be/fr/detail/maison/a-vendre/4170/comblain-au-pont/vbc91904,Normal,,,Information non communiquée,3,,,
https://immovlan.be/fr/detail/villa/a-vendre/2820/bonheiden/rbt72987,À rénover,,165 kWh/m²/an,,6,,,Oui
https://immovlan.be/fr/detail/appartement/a-vendre/1170/watermael-boitsfort/vbc91903,Excellent,,126 kWh/m²/an,,3,1,,Mazout
https://immovlan.be/fr/detail/maison/a-vendre/2020/anvers/rbt72986,Normal,,526 kWh/m²/an,Oui,2,1,,
https://immovlan.be/fr/detail/appartement/a-vendre/2600/berchem/rbt72984,Normal,Non,,,,,1,Gaz
https://immovlan.be/fr/detail/maison/a-vendre/2020/anvers/rbt72983,Normal,,241 kWh/m²/an,Non,4,2,,
https://immovlan.be/fr/detail/maison/a-vendre/2930/brasschaat/rbt72982,Normal,Non,380 kWh/m²/an,,,,Sud-ouest,Gaz
https://immovlan.be/fr/detail/surface-commerciale/a-vendre/1050/ixelles/vbc91902,Non,,,,Non,,,
https://immovlan.be/fr/detail/bungalow/a-vendre/2230/herselt/rbt72981,Normal,,641 kWh/m²/an,,2,Super équipée,4,
https://immovlan.be/fr/detail/appartement/a-vendre/1070/anderlecht/vbc91900,Normal,Oui,175 kWh/m²/an,,,Super équipée,2,Gaz
https://immovlan.be/fr/detail/appartement/a-vendre/1070/anderlecht/vbc91899,Excellent,Oui,229 kWh/m²/an,,2,Super équipée,1,Gaz
https://immovlan.be/fr/detail/maison/a-vendre/7170/bois-d-haine/vbc91898,Normal,Oui,252 kWh/m²/an,Information non communiquée,3,,4,Oui
https://immovlan.be/fr/detail/maison/a-vendre/9700/audenarde/rbt72980,Normal,Non,,,,,,
https://immovlan.be/fr/detail/maison/a-vendre/7012/flenu/vbc91897,À rénover,,,Pas de risque d’inondation,,,Ouest,Gaz
https://immovlan.be/fr/detail/appartement/a-vendre/1050/ixelles/vbc91895,Normal,,,Pas de risque d’inondation,,Super équipée,,Gaz
https://immovlan.be/fr/detail/appartement/a-vendre/1050/ixelles/vbc91893,Excellent,Oui,,Non,,,,
https://immovlan.be/fr/detail/maison/a-vendre/1933/sterrebeek/vbc91891,Excellent,Oui,143 kWh/m²/an,,,Super équipée,4,
https://immovlan.be/fr/detail/villa/a-vendre/4342/hognoul/vbc91889,À rénover,,,Non,,1,,
https://immovlan.be/fr/detail/appartement/a-vendre/1853/strombeek-bever/vbc91888,Normal,Oui,,Information non communiquée,2,Equipée,2,
https://immovlan.be/fr/detail/maison/a-vendre/3080/tervuren/vbc91887,À rénover,Non,507 kWh/m²/an,,4,,,Gaz
https://immovlan.be/fr/detail/chalet/a-vendre/6940/durbuy/vbc91885,Normal,,,,,1,Sud-est,Non specifié
https://immovlan.be/fr/detail/maison/a-vendre/3920/lommel/rbt72968,Normal,Non,"non, pas d'attestation",Non,,,,
https://immovlan.be/fr/detail/maison/a-vendre/4630/micheroux/vbc91884,Non,,,,3,1,,
https://immovlan.be/fr/detail/maison/a-vendre/9900/eeklo/rbt72967,Remis à neuf,Non,10 kWh/m²/an,,,1,,Gaz
https://immovlan.be/fr/detail/terrain/a-vendre/7800/ath/vbc91883,,,,,,,50000 m²,
https://immovlan.be/fr/detail/garage/a-vendre/7940/brugelette/vbc91882,Normal,,,Non,,,170 m²,
https://immovlan.be/fr/detail/maison/a-vendre/8000/bruges/rwc39952,Normal,,444 kWh/m²/an,Classe A: pas d'inondation modéliséeClasse B: faible risque d'inondation sous le changement climatique de 2050Classe C: faible risque d'inondation sous le climat actuelClasse D: risque moyen d'inondation sous le climat actuel,,Equipée,Oui,
https://immovlan.be/fr/detail/maison/a-vendre/1180/uccle/vbc91881,À rénover,Non,,Non,,2,,
https://immovlan.be/fr/detail/maison/a-vendre/8500/courtrai/rbt72966,Remis à neuf,Non,,Non,3,1,,Oui
https://immovlan.be/fr/detail/studio/a-vendre/1000/bruxelles/vbc91880,À rénover,,,,1,,6,Gaz
https://immovlan.be/fr/detail/rez-de-chaussee/a-vendre/1160/auderghem/vbc91879,Normal,Oui,"non, pas d'attestation",Pas de risque d’inondation,,1,0,
https://immovlan.be/fr/detail/bureaux/a-vendre/1160/auderghem/vbc91878,Normal,,1,,,,,
https://immovlan.be/fr/detail/appartement/a-vendre/1140/evere/vbc91877,Excellent,Oui,,,,1,,Double vitrage
https://immovlan.be/fr/detail/maison/a-vendre/7370/dour/vbc91875,Nouveau,Non,"oui, attestation conforme",Pas de risque d’inondation,4,6 m²,,Oui
https://immovlan.be/fr/detail/maison/a-vendre/7380/quievrain/vbc91874,Normal,Non,302 kWh/m²/an,Pas de risque d’inondation,3,,,
https://immovlan.be/fr/detail/appartement/a-vendre/1050/ixelles/vbc91873,Excellent,,,,,,,
https://immovlan.be/fr/detail/appartement/a-vendre/1190/forest/vbc91872,Remis à neuf,Oui,,Pas de risque d’inondation,1,,Sud,
https://immovlan.be/fr/detail/studio/a-vendre/1000/bruxelles/vbc91871,Normal,,,Pas de risque d’inondation,0,1,0,
https://immovlan.be/fr/detail/maison/a-vendre/9308/gijzegem/rbt72963,Excellent,Non,,,3,,1,Non
https://immovlan.be/fr/detail/penthouse/a-vendre/6032/mont-sur-marchienne/vbc91870,Normal,Oui,,,2,,,
https://immovlan.be/fr/detail/maison/a-vendre/9500/grammont/rbt72962,Excellent,Non,314 kWh/m²/an,,2,,,Gaz
https://immovlan.be/fr/detail/penthouse/a-vendre/8430/middelkerke/rbt72961,,,,,2,1,Oui,
https://immovlan.be/fr/detail/immeuble-mixte/a-vendre/4630/soumagne/vbc91869,Oui,,207 kWh/m²/an,,,,Sud,
https://immovlan.be/fr/detail/maison/a-vendre/4040/herstal/vbc91868,Normal,Non,,Non,,,,Gaz
https://immovlan.be/fr/detail/maison/a-vendre/4100/seraing/vbc91867,Normal,Oui,505 kWh/m²/an,,1,Indépendante,Nord-ouest,
https://immovlan.be/fr/detail/maison/a-vendre/1370/melin/vbc91866,Normal,Oui,,,,,3,Oui
https://immovlan.be/fr/detail/maison/a-vendre/2110/wijnegem/rbt72958,À rénover,Non,367 kWh/m²/an,Non,,1,Nord,Gaz
https://immovlan.be/fr/detail/immeuble-mixte/a-vendre/2440/geel/rbt72957,Normal,,,,,4,2,
https://immovlan.be/fr/detail/immeuble-mixte/a-vendre/4020/liege/vbc91865,Normal,,,Information non communiquée,,,,
https://immovlan.be/fr/detail/immeuble-de-rapport/a-vendre/4020/liege/vbc91864,Normal,Non,128 kWh/m²/an,,,,2,
https://immovlan.be/fr/detail/appartement/a-vendre/3001/heverlee/rbt72954,,Oui,,,1,,Oui,
https://immovlan.be/fr/detail/penthouse/a-vendre/2018/anvers/rbt72953,Nouveau,,,Information non communiquée,3,,,
https://immovlan.be/fr/detail/appartement/a-vendre/2018/anvers/rbt72952,Nouveau,,,Information non communiquée,2,,,
https://immovlan.be/fr/detail/rez-de-chaussee/a-vendre/2018/anvers/rbt72951,Nouveau,,,Information non communiquée,2,,,
https://immovlan.be/fr/detail/appartement/a-vendre/1910/kampenhout/rbt72950,Excellent,,,Oui,2,,2,
https://immovlan.be/fr/detail/maison/a-vendre/1910/kampenhout/rbt72949,1970,,,,,,,
https://immovlan.be/fr/detail/immeuble-de-rapport/a-vendre/7170/manage/vbc91863,Normal,Non,,,,Semi-équipée,,
https://immovlan.be/fr/detail/immeuble-de-rapport/a-vendre/7170/manage/vbc91862,Normal,Non,,,,Semi-équipée,,
https://immovlan.be/fr/detail/maison/a-vendre/7100/trivieres/vbc91861,À rénover,,862 kWh/m²/an,Pas de risque d’inondation,,Indépendante,2,Non specifié
https://immovlan.be/fr/detail/maison/a-vendre/7141/carnieres/vbc91860,Normal,,,Information non communiquée,,,,Mazout
https://immovlan.be/fr/detail/maison/a-vendre/1820/perk/rbt72948,Remis à neuf,Non,288 kWh/m²/an,Oui,3,Super équipée,,Gaz
https://immovlan.be/fr/detail/immeuble-de-rapport/a-vendre/5060/auvelais/vbc91859,À rénover,,,,,Semi-équipée,,Gaz
https://immovlan.be/fr/detail/appartement/a-vendre/6001/marcinelle/vbc91857,Excellent,,,,2,2,3,
https://immovlan.be/fr/detail/maison/a-vendre/6120/nalinnes/vbc91856,Excellent,,,,5,3,,Oui
https://immovlan.be/fr/detail/immeuble-de-rapport/a-vendre/6120/nalinnes/vbc91855,Excellent,Oui,188 kWh/m²/an,Information non communiquée,6,7,4,Mazout
https://immovlan.be/fr/detail/maison/a-vendre/6120/nalinnes/vbc91854,Excellent,,,,6,7,,Oui
https://immovlan.be/fr/detail/appartement/a-vendre/6000/charleroi/vbc91853,,Oui,240 kWh/m²/an,Information non communiquée,2,,Oui,
https://immovlan.be/fr/detail/maison/a-vendre/7640/antoing/vbc91852,Remis à neuf,,,Information non communiquée,,2,2,
https://immovlan.be/fr/detail/maison/a-vendre/6540/lobbes/vbc91850,À restaurer,,724 kWh/m²/an,Information non communiquée,,,3,
https://immovlan.be/fr/detail/maison/a-vendre/6540/lobbes/vbc91849,À restaurer,,724 kWh/m²/an,,,2,,
https://immovlan.be/fr/detail/kot/a-vendre/9000/gand/rbt72946,Excellent,,,,33 m²,Equipée,0,
https://immovlan.be/fr/detail/maison/a-vendre/6030/marchienne-au-pont/vbc91847,Non,,382 kWh/m²/an,,2,1,,
https://immovlan.be/fr/detail/kot/a-vendre/9000/gand/rbt72945,Excellent,,,,18 m²,Equipée,0,
https://immovlan.be/fr/detail/maison/a-vendre/6500/beaumont/vbc91846,Non,,266 kWh/m²/an,,7,1,2,Mazout
https://immovlan.be/fr/detail/maison/a-vendre/9940/evergem/rbt72943,Nouveau,Non,"oui, attestation conforme",Oui,,Super équipée,,
https://immovlan.be/fr/detail/terrain/a-vendre/9032/wondelgem/rbt72942,A l’acte,,,,,,801 m²,
https://immovlan.be/fr/detail/villa/a-vendre/9840/de-pinte/rbt72941,Excellent,Non,,,3,Super équipée,,Oui
https://immovlan.be/fr/detail/maison/a-vendre/9032/wondelgem/rbt72940,Normal,,165 kWh/m²/an,Oui,,,3,Gaz
https://immovlan.be/fr/detail/surface-commerciale/a-vendre/9870/machelen/rbt72939,Nouveau,Non,,,,,,Double vitrage
https://immovlan.be/fr/detail/maison/a-vendre/9800/deinze/rbt72937,Nouveau,,"oui, attestation conforme",Oui,3,Equipée,Nord-est,Oui
https://immovlan.be/fr/detail/maison/a-vendre/9800/deinze/rbt72936,Nouveau,,"oui, attestation conforme",Oui,3,Equipée,Nord-est,Oui
https://immovlan.be/fr/detail/maison/a-vendre/9800/deinze/rbt72935,Nouveau,,,,3,Equipée,Ouest,Oui
https://immovlan.be/fr/detail/maison/a-vendre/9800/deinze/rbt72934,Nouveau,,"oui, attestation conforme",Oui,3,Equipée,Nord,Oui
https://immovlan.be/fr/detail/maison/a-vendre/9800/deinze/rbt72933,Nouveau,,"oui, attestation conforme",Oui,3,Equipée,Nord,Oui
https://immovlan.be/fr/detail/maison/a-vendre/9800/deinze/rbt72932,Nouveau,,,,3,Equipée,Ouest,Oui
https://immovlan.be/fr/detail/maison/a-vendre/9800/deinze/rbt72931,Nouveau,,,,3,Equipée,Est,Oui
https://immovlan.be/fr/detail/maison/a-vendre/9800/deinze/rbt72930,Nouveau,,,,3,Equipée,Sud-ouest,Oui
https://immovlan.be/fr/detail/appartement/a-vendre/9051/afsnee/rbt72929,Nouveau,,25 kWh/an,,4,Super équipée,,Oui
https://immovlan.be/fr/detail/appartement/a-vendre/9051/afsnee/rbt72928,Nouveau,,25 kWh/an,,3,Super équipée,,Oui
https://immovlan.be/fr/detail/appartement/a-vendre/9051/afsnee/rbt72927,Nouveau,Oui,,Oui,3,,3,
https://immovlan.be/fr/detail/appartement/a-vendre/9051/afsnee/rbt72926,Nouveau,Oui,,Oui,3,,0,
https://immovlan.be/fr/detail/appartement/a-vendre/9000/gand/rbt72925,Nouveau,,25 kWh/an,,4,Super équipée,,Oui
https://immovlan.be/fr/detail/appartement/a-vendre/9000/gand/rbt72923,Nouveau,Oui,,Oui,3,,3,
https://immovlan.be/fr/detail/appartement/a-vendre/9000/gand/rbt72922,Nouveau,,25 kWh/an,,3,Super équipée,,Oui
https://immovlan.be/fr/detail/appartement/a-vendre/9000/gand/rbt72921,Nouveau,Oui,,Oui,3,,0,
https://immovlan.be/fr/detail/garage/a-vendre/7110/houdeng-aimeries/vbc91845,Non,,,Information non communiquée,15 m²,,15 m²,
https://immovlan.be/fr/detail/immeuble-mixte/a-vendre/7712/herseaux/vbc91844,Normal,Oui,,Non,3,Equipée,,Oui
https://immovlan.be/fr/detail/maison/a-vendre/7730/evregnies/vbc91843,Normal,,,Oui,3,,,Gaz
https://immovlan.be/fr/detail/terrain-a-batir/a-vendre/1150/woluwe-saint-pierre/vwd13939,A l’acte,,,,,,311 m²,
https://immovlan.be/fr/detail/maison/a-vendre/7730/estaimbourg/vbc91842,À rénover,,252 kWh/m²/an,,3,,,Gaz
https://immovlan.be/fr/detail/terrain/a-vendre/7730/nechin/vbc91841,A l’acte,,,Information non communiquée,,,457 m²,
https://immovlan.be/fr/detail/terrain/a-vendre/1090/jette/vbc91840,A l’acte,,,Information non communiquée,,,823 m²,
https://immovlan.be/fr/detail/villa/a-vendre/7321/blaton/vbc91839,,,462 kWh/m²/an,,3,,,Electrique
https://immovlan.be/fr/detail/maison/a-vendre/7340/colfontaine/vbc91838,À rénover,Non,,Pas de risque d’inondation,,,,Gaz
https://immovlan.be/fr/detail/appartement/a-vendre/1060/saint-gilles/vbc91836,Normal,Oui,,Non,,,Ouest,
https://immovlan.be/fr/detail/rez-de-chaussee/a-vendre/1081/koekelberg/vbc91835,À rénover,Non,"non, pas d'attestation",Pas de risque d’inondation,2,1,,
https://immovlan.be/fr/detail/surface-commerciale/a-vendre/1700/dilbeek/vbc91834,Normal,,,Information non communiquée,,,,
https://immovlan.be/fr/detail/maison/a-vendre/1600/sint-pieters-leeuw/vbc91833,À rénover,Non,306 kWh/m²/an,Pas de risque d’inondation,,,,Oui
https://immovlan.be/fr/detail/villa/a-vendre/1180/uccle/vwd13938,Normal,,,Pas de risque d’inondation,5,Equipée,4,Gaz
https://immovlan.be/fr/detail/appartement/a-vendre/1200/woluwe-saint-lambert/vbc91832,Normal,Oui,193 kWh/m²/an,Pas de risque d’inondation,,,5,
https://immovlan.be/fr/detail/villa/a-vendre/1180/uccle/vbc91831,Remis à neuf,,,,,Super équipée,,Gaz
https://immovlan.be/fr/detail/terrain/a-vendre/6120/nalinnes/vbc91829,,,,,,,14520 m²,
https://immovlan.be/fr/detail/maison/a-vendre/3970/bourg-leopold/rbt72890,,,,Information non communiquée,3,,,
https://immovlan.be/fr/detail/appartement/a-vendre/2060/anvers/rbt72889,,,,,1,1,2,
https://immovlan.be/fr/detail/terrain/a-vendre/5361/scy/vbc91826,Non,,,,,,,
https://immovlan.be/fr/detail/maison/a-vendre/9500/grammont/rbt72886,Normal,Non,599 kWh/m²/an,Oui,,,Nord-ouest,
https://immovlan.be/fr/detail/immeuble-de-rapport/a-vendre/1050/ixelles/vbc91825,À rénover,,,Information non communiquée,,,,
https://immovlan.be/fr/detail/appartement/a-vendre/1070/anderlecht/vbc91824,Normal,,,,1,,,Gaz
https://immovlan.be/fr/detail/maison/a-vendre/9968/oosteeklo/rbt72884,Non,,,Non,5,,Sud,Mazout
https://immovlan.be/fr/detail/maison/a-vendre/9060/zelzate/rbt72883,Non,,,,,,4,
https://immovlan.be/fr/detail/terrain/a-vendre/3220/holsbeek/rbt72882,A l’acte,,,Non,,,1994 m²,
https://immovlan.be/fr/detail/maison/a-vendre/4041/milmort/vbc91823,,,,Information non communiquée,3,1,2,Gaz
https://immovlan.be/fr/detail/appartement/a-vendre/2800/malines/rbt72881,Oui,,,Oui,,,1,Gaz
https://immovlan.be/fr/detail/maison/a-vendre/2660/hoboken/rbt72879,Non,Non,,"Zone, info non disponible",,,,
https://immovlan.be/fr/detail/appartement/a-vendre/2000/anvers/rbt72878,Non,,,Non,1,,3,Oui
https://immovlan.be/fr/detail/appartement/a-vendre/2000/anvers/rbt72877,Non,,,,,,,
https://immovlan.be/fr/detail/appartement/a-vendre/2060/anvers/rbt72875,Non,,,"Zone, info non disponible",,,3,Gaz
https://immovlan.be/fr/detail/maison/a-vendre/4100/seraing/vbc91821,Normal,Non,197 kWh/m²/an,,,,,
https://immovlan.be/fr/detail/maison/a-vendre/6531/biesme-sous-thuin/vwd13937,Normal,,,,,Semi-équipée,2,
https://immovlan.be/fr/detail/immeuble-de-rapport/a-vendre/8470/gistel/rwc39950,Excellent,,"non, pas d'attestation",,,,,
https://immovlan.be/fr/detail/terrain-a-batir/a-vendre/8560/gullegem/rbt72869,Non,,,Non,,,,
https://immovlan.be/fr/detail/maison/a-vendre/8820/torhout/rbt72860,Non,Non,238 kWh/m²/an,,,,,Oui
https://immovlan.be/fr/detail/maison/a-vendre/1210/saint-josse-ten-noode/vbc91818,Non,Non,397 kWh/m²/an,Information non communiquée,,,2,
https://immovlan.be/fr/detail/maison/a-vendre/9700/audenarde/rbt72859,Non,,,Non,,,2,
https://immovlan.be/fr/detail/maison-de-maitre/a-vendre/1210/saint-josse-ten-noode/vbc91817,Excellent,,,,6,,Ouest,
https://immovlan.be/fr/detail/terrain/a-vendre/9260/wichelen/rbt72858,A l’acte,,,,,,691 m²,
https://immovlan.be/fr/detail/appartement/a-vendre/2440/geel/rbt72856,Non,,,Non,,,Est,Gaz
https://immovlan.be/fr/detail/maison/a-vendre/2450/meerhout/rbt72855,Non,Non,,,3,2,,
https://immovlan.be/fr/detail/appartement/a-vendre/1000/bruxelles/vbc91816,Excellent,Oui,273 kWh/m²/an,Pas de risque d’inondation,3,,3,
https://immovlan.be/fr/detail/appartement/a-vendre/1050/ixelles/vbc91815,Excellent,Oui,273 kWh/m²/an,Pas de risque d’inondation,3,,3,
https://immovlan.be/fr/detail/maison/a-vendre/1000/bruxelles/vbc91812,Non,,,,3,2,Est,Gaz
https://immovlan.be/fr/detail/maison/a-vendre/3583/paal/rbt72854,Non,,,Non,,,Ouest,Mazout
https://immovlan.be/fr/detail/maison/a-vendre/3582/koersel/rbt72853,Non,,257 kWh/m²/an,,3,1,Nord,
https://immovlan.be/fr/detail/maison/a-vendre/3550/heusden-zolder/rbt72852,Non,Oui,,Non,,,,Oui
https://immovlan.be/fr/detail/appartement/a-vendre/3500/hasselt/rbt72851,Non,Non,,Non,3,1,,
https://immovlan.be/fr/detail/maison/a-vendre/1000/bruxelles/vbc91810,Non,,,,3,2,Est,Gaz
https://immovlan.be/fr/detail/appartement/a-vendre/1083/ganshoren/vbc91809,À rénover,Oui,291 kWh/m²/an,Risque moyen,,,3,Mazout
https://immovlan.be/fr/detail/appartement/a-vendre/1000/bruxelles/vbc91808,Non,,,,3,1,,
https://immovlan.be/fr/detail/appartement/a-vendre/1190/forest/vbc91807,Nouveau,Non,,,,Super équipée,,Gaz
https://immovlan.be/fr/detail/immeuble-mixte/a-vendre/1080/molenbeek-saint-jean/vbc91806,Normal,Non,192 kWh/m²/an,,5,,,
https://immovlan.be/fr/detail/appartement/a-vendre/1080/molenbeek-saint-jean/vbc91805,À rénover,,703 kWh/m²/an,,2,,2,Gaz
https://immovlan.be/fr/detail/appartement/a-vendre/1190/forest/vbc91804,À rénover,Oui,368 kWh/m²/an,Pas de risque d’inondation,,,5,
https://immovlan.be/fr/detail/maison/a-vendre/8930/menen/vbc91802,Normal,,353 kWh/m²/an,,4,,2,
https://immovlan.be/fr/detail/maison-de-maitre/a-vendre/1030/schaerbeek/vbc91801,Normal,Non,238 kWh/m²/an,Pas de risque d’inondation,6,Super équipée,,Gaz
https://immovlan.be/fr/detail/maison-de-maitre/a-vendre/1200/woluwe-saint-lambert/vbc91800,Normal,Non,238 kWh/m²/an,Pas de risque d’inondation,6,Super équipée,,Gaz
https://immovlan.be/fr/detail/appartement/a-vendre/1180/uccle/vbc91799,Normal,,,Pas de risque d’inondation,2,Equipée,2,
https://immovlan.be/fr/detail/maison/a-vendre/6830/bouillon/vbc91798,Normal,,295 kWh/m²/an,Oui,,Equipée,Ouest,
https://immovlan.be/fr/detail/maison/a-vendre/6150/anderlues/vbc91797,À rénover,,386 kWh/m²/an,Information non communiquée,2,,,
https://immovlan.be/fr/detail/maison/a-vendre/8310/sint-kruis/rbt72848,Normal,,,Oui,,,3,Gaz
https://immovlan.be/fr/detail/maison/a-vendre/1770/liedekerke/rbt72847,Normal,,740 kWh/m²/an,,,40 m²,3,Gaz
https://immovlan.be/fr/detail/maison/a-vendre/9300/alost/rbt72846,Excellent,Oui,,Oui,3,Super équipée,,
https://immovlan.be/fr/detail/surface-commerciale/a-vendre/4340/awans/vbc91794,Excellent,,"non, pas d'attestation",Non,,,Sud,
https://immovlan.be/fr/detail/immeuble-de-rapport/a-vendre/4100/seraing/vbc91793,À rénover,,,,,,4,
https://immovlan.be/fr/detail/appartement/a-vendre/4100/seraing/vbc91792,À rénover,Non,"non, pas d'attestation",Pas de risque d’inondation,,1,,Non specifié
https://immovlan.be/fr/detail/maison/a-vendre/4101/jemeppe/vbc91791,Normal,,,,,Equipée,,
https://immovlan.be/fr/detail/maison/a-vendre/7012/flenu/vbc91790,Normal,,,,,,2,Gaz
https://immovlan.be/fr/detail/maison/a-vendre/7034/saint-denis/vbc91789,À rénover,,579 kWh/m²/an,,5,,3,
https://immovlan.be/fr/detail/maison/a-vendre/8610/kortemark/rbt72843,Non,Non,,Non,3,1,,
https://immovlan.be/fr/detail/maison/a-vendre/8680/koekelare/rbt72842,Non,,,Non,4,1,,
https://immovlan.be/fr/detail/maison/a-vendre/8420/de-haan/rbt72841,Non,Non,,"Zone, info non disponible",3,,2,
https://immovlan.be/fr/detail/maison/a-vendre/8420/de-haan/rbt72840,Non,Non,,"Zone, info non disponible",3,,2,
https://immovlan.be/fr/detail/maison/a-vendre/8420/de-haan/rbt72839,Non,Non,,"Zone, info non disponible",3,,2,
https://immovlan.be/fr/detail/maison/a-vendre/8420/de-haan/rbt72838,Non,Non,,"Zone, info non disponible",4,,3,
https://immovlan.be/fr/detail/maison/a-vendre/8420/de-haan/rbt72837,Non,Non,,"Zone, info non disponible",4,,3,
https://immovlan.be/fr/detail/maison/a-vendre/8420/de-haan/rbt72836,Non,Non,,"Zone, info non disponible",4,,2,
https://immovlan.be/fr/detail/maison/a-vendre/8420/de-haan/rbt72835,Non,Non,,"Zone, info non disponible",4,,2,
https://immovlan.be/fr/detail/maison/a-vendre/8420/de-haan/rbt72834,Non,Non,,"Zone, info non disponible",3,,3,
https://immovlan.be/fr/detail/terrain-a-batir/a-vendre/8434/lombardsijde/rbt72832,Non,,,,,,,
https://immovlan.be/fr/detail/terrain-a-batir/a-vendre/8434/lombardsijde/rbt72831,Non,,,,,,,
https://immovlan.be/fr/detail/maison/a-vendre/8433/mannekensvere/rbt72830,Non,Non,,Non,,1,,
https://immovlan.be/fr/detail/maison/a-vendre/9260/wichelen/rbt72829,Normal,,,,3,Equipée,4,
https://immovlan.be/fr/detail/maison/a-vendre/8583/bossuit/rbt72827,Non,,129 kWh/m²/an,,3,1,Sud-ouest,
https://immovlan.be/fr/detail/villa/a-vendre/9690/kluisbergen/rbt72826,Non,Non,,Non,4,1,,
https://immovlan.be/fr/detail/maison/a-vendre/2660/hoboken/rbt72825,Normal,Oui,313 kWh/m²/an,Oui,,Super équipée,Nord-ouest,
https://immovlan.be/fr/detail/maison/a-vendre/8540/deerlijk/rbt72824,Non,Non,,Non,4,1,,
https://immovlan.be/fr/detail/maison/a-vendre/7760/pottes/rbt72823,Non,,77 kWh/m²/an,,3,1,Sud-ouest,
https://immovlan.be/fr/detail/appartement/a-vendre/8530/harelbeke/rbt72822,Non,Non,,Oui,2,1,,
https://immovlan.be/fr/detail/maison/a-vendre/8830/gits/rbt72821,Non,,14 kWh/m²/an,Non,3,1,Est,
https://immovlan.be/fr/detail/maison/a-vendre/8580/avelgem/rbt72820,Non,Oui,189 kWh/m²/an,,,,,Electrique
https://immovlan.be/fr/detail/appartement/a-vendre/1030/schaerbeek/vbc91773,Excellent,,209 kWh/m²/an,Pas de risque d’inondation,,1,1,
https://immovlan.be/fr/detail/appartement/a-vendre/1050/ixelles/vbc91772,Normal,,,,1,,0,Gaz
https://immovlan.be/fr/detail/maison-de-maitre/a-vendre/6010/couillet/vbc91771,Normal,,,Information non communiquée,,,,
https://immovlan.be/fr/detail/maison/a-vendre/5630/cerfontaine/vbc91770,Non,,469 kWh/m²/an,,2,1,2,Mazout
https://immovlan.be/fr/detail/immeuble-de-rapport/a-vendre/8200/sint-andries/rbt72815,Non,Non,167 kWh/m²/an,,3,1,,
https://immovlan.be/fr/detail/maison/a-vendre/6060/gilly/vbc91769,À rénover,,434 kWh/m²/an,,2,,,Gaz
https://immovlan.be/fr/detail/maison/a-vendre/9870/zulte/rbt72814,Non,Non,176 kWh/m²/an,,3,2,,Gaz
https://immovlan.be/fr/detail/immeuble-de-rapport/a-vendre/2200/herentals/rbt72812,Normal,,135 kWh/m²/an,Non,22,13,,
https://immovlan.be/fr/detail/maison/a-vendre/2275/poederlee/rbt72811,Normal,Non,,Non,,1,Sud-ouest,Gaz
https://immovlan.be/fr/detail/appartement/a-vendre/8500/courtrai/rbt72810,Non,Non,115 kWh/m²/an,,,,4,
https://immovlan.be/fr/detail/duplex/a-vendre/1982/elewijt/rbt72807,Non,Oui,,Non,,1,,
https://immovlan.be/fr/detail/maison/a-vendre/1180/uccle/vbc91764,À rénover,Oui,,,,Super équipée,,
https://immovlan.be/fr/detail/terrain-a-batir/a-vendre/4051/vaux-sous-chevremont/vbc91763,Non,,,,,,,
https://immovlan.be/fr/detail/maison/a-vendre/2382/poppel/rbt72805,À rénover,,1014 kWh/m²/an,,5,,,
https://immovlan.be/fr/detail/maison/a-vendre/4101/jemeppe/vbc91762,Normal,,,,,,Nord-ouest,Non
https://immovlan.be/fr/detail/appartement/a-vendre/2300/turnhout/rbt72803,Normal,,169 kWh/m²/an,Non,,1,,
https://immovlan.be/fr/detail/maison/a-vendre/8900/ieper/rbt72802,Non,Non,383 kWh/m²/an,,3,1,,
https://immovlan.be/fr/detail/maison/a-vendre/6031/monceau-sur-sambre/vwd13936,Excellent,,,Pas de risque d’inondation,4,,,Oui
https://immovlan.be/fr/detail/terrain-a-batir/a-vendre/9550/herzele/rbt72801,Non,,,Non,,,,
https://immovlan.be/fr/detail/maison/a-vendre/4042/liers/vbc91760,Non,,392 kWh/m²/an,Non,,,,
https://immovlan.be/fr/detail/villa/a-vendre/3140/keerbergen/rbt72794,Non,,,Non,5,1,Sud,
https://immovlan.be/fr/detail/maison/a-vendre/1570/gammerages/rbt72793,Non,,,Non,,,4,Gaz
https://immovlan.be/fr/detail/appartement/a-vendre/2100/deurne/rbt72792,Non,,0 kWh/m²/an,,1,1,,
https://immovlan.be/fr/detail/appartement/a-vendre/1500/hal/rbt72790,Non,Non,,,1,,,Non specifié
https://immovlan.be/fr/detail/maison/a-vendre/4624/romsee/vbc91759,Normal,,,Information non communiquée,,Equipée,3,Gaz
https://immovlan.be/fr/detail/maison/a-vendre/1030/schaerbeek/vbc91758,Normal,Non,,,5,,,
https://immovlan.be/fr/detail/appartement/a-vendre/1000/bruxelles/vbc91757,Excellent,,109 kWh/m²/an,,,,,
https://immovlan.be/fr/detail/villa/a-vendre/9506/schendelbeke/rbt72766,Excellent,,,,,,,Oui
https://immovlan.be/fr/detail/appartement/a-vendre/2240/zandhoven/rbt72751,Nouveau,Oui,"oui, attestation conforme",Non,,,1,
https://immovlan.be/fr/detail/penthouse/a-vendre/2240/zandhoven/rbt72750,Nouveau,Oui,"oui, attestation conforme",Non,,,2,
https://immovlan.be/fr/detail/appartement/a-vendre/2240/zandhoven/rbt72749,Nouveau,Oui,"oui, attestation conforme",Non,,,2,
https://immovlan.be/fr/detail/appartement/a-vendre/2240/zandhoven/rbt72748,Nouveau,Oui,,,,,2,
https://immovlan.be/fr/detail/appartement/a-vendre/2240/zandhoven/rbt72747,Nouveau,Oui,"oui, attestation conforme",Non,,,1,
https://immovlan.be/fr/detail/appartement/a-vendre/2240/zandhoven/rbt72746,Nouveau,Oui,"oui, attestation conforme",Non,,,1,
https://immovlan.be/fr/detail/appartement/a-vendre/2240/zandhoven/rbt72745,Nouveau,Oui,"non, pas d'attestation",Non,,,1,
https://immovlan.be/fr/detail/appartement/a-vendre/2240/zandhoven/rbt72744,Nouveau,,"oui, attestation conforme",Non,,,,
https://immovlan.be/fr/detail/appartement/a-vendre/2240/zandhoven/rbt72743,Nouveau,Oui,,,,,Est,
https://immovlan.be/fr/detail/maison/a-vendre/6280/gerpinnes/vbc91755,Normal,Non,273 kWh/m²/an,Information non communiquée,3,,,Non specifié
https://immovlan.be/fr/detail/maison/a-vendre/6280/gerpinnes/vbc91754,À rénover,,,,4,1,,
https://immovlan.be/fr/detail/maison/a-vendre/4720/la-calamine/vbc91753,Non,,,,,1,Oui,Mazout
https://immovlan.be/fr/detail/maison/a-vendre/2880/hingene/rbt72741,Non,,,Non,3,1,,
https://immovlan.be/fr/detail/terrain/a-vendre/6660/houffalize/vbc91751,,,,,,,1104 m²,
https://immovlan.be/fr/detail/maison/a-vendre/9900/eeklo/rwc39949,À rénover,,,Pas de risque d’inondation,2,,2,Non specifié
https://immovlan.be/fr/detail/maison/a-vendre/6200/chatelet/vbc91750,À rénover,,361 kWh/m²/an,,3,,,Gaz
https://immovlan.be/fr/detail/bureaux/a-vendre/8500/courtrai/rbt72740,Non,Non,"oui, attestation conforme",Non,,,18 m²,Non specifié
https://immovlan.be/fr/detail/maison/a-vendre/5580/rochefort/vbc91749,Normal,Non,,,,Equipée,,
https://immovlan.be/fr/detail/maison/a-vendre/4030/grivegnee/vbc91746,À rénover,Non,303 kWh/m²/an,,,,,
